Distance from sea [m],25,95,375
site I,,,
log(A),0.13548,0.52743,0.44306
n,2.86585,2.18778,1.55029
site II,,,
log(A),1.5095,1.5981,1.26836
n,1.15232,1.05915,0.76748
