NaCl concentration (%w//w),a(mg//h),b(mg),R^(2)
0,0.0008,-0.0292,0.99149
2,0.0009,0.0035,0.99265
3,0.0009,0.0389,0.99366
4,0.001,-0.0209,0.97662
5,0.0011,-0.0158,0.94117
